id;company_id;job_id;status;location;url;role_id;min_experience;languages
1;31827;dearly scuffle phooey;anti hunt;aha;https://evil-juggernaut.name/;1643;6627;writhing sting
2;12644;including angrily;crafty;depend destock;https://alert-utilization.net;17021;27652;clearly
3;18057;courageously;indeed;pinion emergent executor;https://bad-warming.net;29406;23550;triumphantly why
4;25937;greedily;out how reward;cone;https://serene-birdbath.biz/;14504;24264;medium poetry
5;5501;instead cricket;than;providence;https://hollow-acquaintance.org;20588;27871;educated gad
6;27840;phooey indeed and;quash;by instead;https://genuine-fog.org/;31343;12468;plus climb
7;7951;oof pace within;whereas valley wonderfully;subtract;https://palatable-affect.org/;15730;16272;asset untried
8;19887;motivate partially solemnly;oof throughout;sugary;https://mammoth-humor.org;82;29764;against ah curry
9;7045;expensive light;gee;regarding mousse blah;https://dense-pneumonia.net/;7069;11981;quintessential
10;26518;vice knowledgeable;on;where sandbar cheetah;https://whispered-jazz.biz;14791;23188;rebound
